<?xml version="1.0" encoding="utf-8"?>
<ripple xmlns:android="http://schemas.android.com/apk/res/android" android:color="#1A7A1E">
    <item
        android:id="@android:id/mask">
        <shape android:shape="rectangle">
            <corners android:radius="8dip"/>
            <solid android:color="@android:color/white"/>
        </shape>
    </item>
    <item>
        <shape android:shape="rectangle">
            <corners android:radius="8dip"/>
            <solid android:color="#4CAF50"/>
        </shape>
    </item>

</ripple>